index,direction,speed
11,190.5,4.0
49,190.5,4.0
105,190.5,4.0
124,203.3,5.0
166,203.3,5.0
182,203.3,5.0
236,201.1,5.2
281,201.1,5.2
308,201.1,5.2
354,204.9,4.1
369,204.9,4.1
417,204.9,4.1
445,207.0,3.6
490,207.0,3.6
522,207.0,3.6
563,207.1,3.0
608,207.1,3.0
635,207.1,3.0
671,243.8,1.9
691,243.8,1.9
740,243.8,1.9
790,262.1,2.9
811,262.1,2.9
836,262.1,2.9
871,262.3,2.9
914,262.3,2.9
945,271.8,2.8
988,271.8,2.8
1022,271.8,2.8
1064,279.8,1.5
1098,279.8,1.5
1135,279.8,1.5
1182,272.3,1.3
1205,272.3,1.3
1259,272.3,1.3
1295,203.3,1.3
1318,203.3,1.3
1359,203.3,1.3
1390,188.6,2.1
1435,188.6,2.1
1471,188.6,2.1
1504,199.9,2.7
1544,199.9,2.7
1561,199.9,2.7
1617,225.0,2.6
1648,225.0,2.6
1677,225.0,2.6
1710,274.7,2.8
1752,274.7,2.8
1779,274.7,2.8
1830,298.9,2.2
1868,298.9,2.2
1895,298.9,2.2
1929,316.9,2.1
1969,316.9,2.1
1993,316.9,2.1
2038,328.3,3.7
2072,328.3,3.7
2102,328.3,3.7
2152,324.8,4.3
2180,324.8,4.3
2231,324.8,4.3
2262,313.1,4.6
2299,313.1,4.6
2325,313.1,4.6
2353,295.2,5.2
2396,295.2,5.2
2442,295.2,5.2
2461,296.4,5.6
2496,296.4,5.6
2549,296.4,5.6
2574,299.4,4.3
2616,299.4,4.3
2659,299.4,4.3
2691,302.0,4.0
2704,302.0,4.0
2753,302.0,4.0
2781,295.7,2.0
2829,295.7,2.0
2865,295.7,2.0
2907,292.1,1.4
2947,292.1,1.4
2967,292.1,1.4
3007,292.5,1.4
3044,292.5,1.4
3069,292.5,1.4
3118,325.8,0.8
3152,325.8,0.8
3200,325.8,0.8
3224,358.4,1.2
3274,358.4,1.2
3306,358.4,1.2
3331,344.1,1.8
3360,344.1,1.8
3405,344.1,1.8
3431,341.7,1.7
3486,341.7,1.7
3525,341.7,1.7
3556,351.6,1.8
3596,351.6,1.8
3619,351.6,1.8
3671,1.3,1.3
3699,1.3,1.3
3740,1.3,1.3
3770,353.9,1.2
3803,353.9,1.2
3838,353.9,1.2
3881,347.3,2.5
3904,347.3,2.5
3941,347.3,2.5
3984,318.4,3.0
4023,318.4,3.0
4062,318.4,3.0
4102,312.9,3.6
4119,312.9,3.6
4173,312.9,3.6
4202,309.1,3.2
4229,309.1,3.2
4279,309.1,3.2
4290,307.1,2.3
4352,307.1,2.3
4380,289.4,1.5
4411,289.4,1.5
4447,289.4,1.5
4489,270.8,0.9
4526,270.8,0.9
4549,270.8,0.9
4592,245.1,0.8
4628,245.1,0.8
4665,245.1,0.8
4713,225.6,0.8
4750,225.6,0.8
4775,225.6,0.8
4799,206.9,2.0
4833,206.9,2.0
4889,206.9,2.0
4908,200.7,3.3
4946,200.7,3.3
4998,200.7,3.3
5032,193.2,3.8
5068,193.2,3.8
5103,193.2,3.8
5143,175.1,2.9
5183,175.1,2.9
5208,175.1,2.9
5241,182.5,3.0
5281,182.5,3.0
5310,182.5,3.0
5337,169.2,2.8
5396,169.2,2.8
5410,169.2,2.8
5447,168.8,2.3
5494,168.8,2.3
5515,168.8,2.3
5568,170.5,2.9
5604,170.5,2.9
5627,170.5,2.9
5684,172.1,3.7
5704,172.1,3.7
5746,172.1,3.7
5792,157.1,4.4
5813,157.1,4.4
5862,157.1,4.4
5895,141.1,5.2
5932,141.1,5.2
5955,141.1,5.2
6000,156.4,5.2
6017,156.4,5.2
6068,156.4,5.2
6115,196.5,2.5
6153,196.5,2.5
6191,196.5,2.5
6222,222.7,1.3
6241,222.7,1.3
6288,222.7,1.3
6329,201.2,0.7
6371,201.2,0.7
6378,201.2,0.7
6430,200.2,0.5
6449,200.2,0.5
6499,200.2,0.5
6527,249.7,1.2
6573,249.7,1.2
6622,249.7,1.2
6633,221.3,2.6
6694,221.3,2.6
6726,221.3,2.6
6765,245.0,2.8
6796,245.0,2.8
6824,245.0,2.8
6873,265.4,2.4
6895,265.4,2.4
6943,265.4,2.4
6954,279.8,2.3
7001,279.8,2.3
7045,279.8,2.3
7084,277.5,2.6
7099,277.5,2.6
7141,277.5,2.6
7196,289.4,2.5
7233,289.4,2.5
7271,289.4,2.5
7303,296.6,2.2
7334,296.6,2.2
7364,296.6,2.2
7408,294.9,2.6
7442,294.9,2.6
7463,294.9,2.6
7500,318.9,2.8
7538,318.9,2.8
7569,318.9,2.8
7610,315.9,2.9
7638,315.9,2.9
7680,315.9,2.9
7735,336.8,2.7
7770,336.8,2.7
7798,336.8,2.7
7826,334.8,3.3
7881,334.8,3.3
7911,334.8,3.3
7947,334.3,3.5
7985,334.3,3.5
8020,334.3,3.5
8051,326.9,2.6
8070,326.9,2.6
8123,326.9,2.6
8148,305.7,2.8
8186,305.7,2.8
8224,305.7,2.8
8268,292.2,2.4
8311,292.2,2.4
8329,292.2,2.4
8379,287.0,2.8
8407,287.0,2.8
8441,287.0,2.8
8476,279.8,2.4
8509,279.8,2.4
8541,279.8,2.4
8579,292.5,0.6
8630,292.5,0.6
8657,292.5,0.6
8696,158.9,0.6
8745,158.9,0.6
8773,158.9,0.6
8810,145.2,1.1
8834,145.2,1.1
8878,145.2,1.1
8913,155.9,2.3
8942,155.9,2.3
8999,155.9,2.3
9018,160.5,2.9
9066,160.5,2.9
9093,160.5,2.9
9133,164.1,3.3
9156,164.1,3.3
9196,164.1,3.3
9224,174.4,3.6
9276,174.4,3.6
9310,174.4,3.6
9350,172.9,2.6
9374,172.9,2.6
9413,172.9,2.6
9467,171.5,2.6
9493,171.5,2.6
9539,171.5,2.6
9571,187.1,2.9
9590,187.1,2.9
9632,187.1,2.9
9667,174.8,2.2
9709,174.8,2.2
9747,174.8,2.2
9790,170.1,2.4
9825,170.1,2.4
9861,170.1,2.4
9885,197.6,1.1
9909,197.6,1.1
9966,197.6,1.1
10003,277.5,1.6
10034,277.5,1.6
10079,277.5,1.6
10095,288.7,2.6
10147,288.7,2.6
10177,288.7,2.6
10223,286.4,3.2
10242,286.4,3.2
10276,286.4,3.2
10315,282.2,1.8
10351,282.2,1.8
10381,282.2,1.8
10420,292.9,1.8
10460,292.9,1.8
10499,292.9,1.8
10531,291.3,1.9
10574,291.3,1.9
10609,291.3,1.9
10642,305.6,2.0
10686,305.6,2.0
10709,305.6,2.0
10749,327.0,2.6
10779,327.0,2.6
10824,327.0,2.6
10859,325.7,2.7
10907,325.7,2.7
10918,325.7,2.7
10968,330.0,2.0
11001,330.0,2.0
11042,330.0,2.0
11082,336.6,2.0
11118,336.6,2.0
11136,336.6,2.0
11179,334.5,1.0
11217,334.5,1.0
11264,334.5,1.0
11297,9.8,0.6
11336,9.8,0.6
11348,9.8,0.6
11383,9.8,0.8
11446,9.8,0.8
11475,9.8,0.8
11506,357.1,0.4
11537,357.1,0.4
11579,357.1,0.4
11616,59.6,1.0
11640,59.6,1.0
11683,59.6,1.0
11718,354.8,0.8
11757,354.8,0.8
11782,354.8,0.8
11836,351.4,1.8
11861,351.4,1.8
11913,351.4,1.8
11945,0.1,2.3
11968,0.1,2.3
12011,0.1,2.3
12033,5.5,1.4
12078,5.5,1.4
12131,5.5,1.4
12154,30.6,0.8
12187,30.6,0.8
12225,30.6,0.8
12262,53.4,0.6
12311,53.4,0.6
12346,53.4,0.6
12372,40.1,0.6
12393,40.1,0.6
12451,40.1,0.6
12486,67.4,1.2
12516,67.4,1.2
12540,67.4,1.2
12591,32.5,2.4
12628,32.5,2.4
12651,32.5,2.4
12702,19.5,2.6
12735,19.5,2.6
12768,19.5,2.6
12789,10.7,2.8
12850,10.7,2.8
12872,10.7,2.8
12906,13.4,1.4
12959,13.4,1.4
12989,13.4,1.4
13015,27.1,1.1
13067,27.1,1.1
13091,27.1,1.1
13139,49.6,0.5
13171,49.6,0.5
13200,49.6,0.5
13223,68.0,0.4
13280,68.0,0.4
13314,68.0,0.4
13343,59.0,0.8
13384,59.0,0.8
13417,59.0,0.8
13447,55.1,1.3
13489,55.1,1.3
13513,55.1,1.3
13550,28.3,1.1
13597,28.3,1.1
13624,28.3,1.1
13671,4.1,1.6
13701,4.1,1.6
13733,4.1,1.6
13777,45.6,0.8
13820,45.6,0.8
13853,45.6,0.8
13892,130.2,1.1
13931,130.2,1.1
13954,130.2,1.1
13993,128.3,0.7
14024,128.3,0.7
14066,128.3,0.7
14101,176.3,0.6
14132,176.3,0.6
14182,176.3,0.6
14217,279.8,0.3
14249,279.8,0.3
14267,279.8,0.3
14324,308.2,0.8
14351,308.2,0.8
14393,308.2,0.8
14433,311.1,1.5
14464,311.1,1.5
14503,311.1,1.5
14528,315.5,2.5
14561,315.5,2.5
14588,315.5,2.5
14631,306.4,1.1
14686,306.4,1.1
14706,306.4,1.1
14753,302.9,0.6
14776,302.9,0.6
14823,302.9,0.6
14863,296.0,0.5
14891,296.0,0.5
14930,296.0,0.5
14973,0.1,0.5
15010,0.1,0.5
15017,0.1,0.5
15071,337.9,0.9
15102,337.9,0.9
15133,337.9,0.9
15186,340.0,0.9
15213,340.0,0.9
15249,340.0,0.9
15273,353.4,1.2
15318,353.4,1.2
15360,353.4,1.2
15389,355.7,1.2
15436,355.7,1.2
15454,355.7,1.2
15513,9.8,0.4
15547,9.8,0.4
15579,9.8,0.4
15601,354.9,0.5
15657,354.9,0.5
15694,354.9,0.5
15721,358.3,0.9
15746,358.3,0.9
15787,358.3,0.9
15828,344.6,1.1
15872,344.6,1.1
15893,344.6,1.1
15932,336.1,1.6
15968,336.1,1.6
16009,336.1,1.6
16046,327.4,3.1
16081,327.4,3.1
16107,327.4,3.1
16151,321.8,4.3
16187,321.8,4.3
16234,321.8,4.3
16254,319.6,4.8
16281,319.6,4.8
16340,319.6,4.8
16369,328.1,3.4
16412,328.1,3.4
16446,328.1,3.4
16486,331.5,3.3
16520,331.5,3.3
16527,331.5,3.3
16590,341.8,2.9
16607,341.8,2.9
16667,341.8,2.9
16695,341.9,2.1
16736,341.9,2.1
16765,341.9,2.1
16788,355.1,2.4
16844,355.1,2.4
16860,355.1,2.4
16905,341.0,2.1
16953,341.0,2.1
16987,341.0,2.1
17012,326.2,2.5
17063,326.2,2.5
17089,326.2,2.5
17135,322.9,3.0
17165,322.9,3.0
17190,322.9,3.0
17241,315.7,1.2
17276,315.7,1.2
17298,315.7,1.2
17331,249.1,0.8
17378,249.1,0.8
17408,249.1,0.8
17439,211.1,0.6
17481,211.1,0.6
17510,211.1,0.6
17566,196.9,0.8
17601,196.9,0.8
17623,196.9,0.8
17654,221.2,0.5
17705,221.2,0.5
17732,221.2,0.5
17767,250.2,1.9
17819,250.2,1.9
17851,250.2,1.9
17873,267.3,2.2
17910,267.3,2.2
17960,267.3,2.2
17983,276.3,2.3
18029,276.3,2.3
18051,276.3,2.3
18086,315.9,0.7
18143,315.9,0.7
18179,315.9,0.7
18213,189.8,0.4
18236,189.8,0.4
18285,189.8,0.4
18318,160.8,0.7
18337,160.8,0.7
18384,160.8,0.7
18413,235.0,1.0
18444,235.0,1.0
18488,235.0,1.0
18526,162.0,0.7
18573,162.0,0.7
18601,162.0,0.7
18634,188.9,2.2
18677,188.9,2.2
18719,188.9,2.2
18741,211.5,3.2
18787,211.5,3.2
18826,211.5,3.2
18858,251.2,2.9
18879,251.2,2.9
18935,251.2,2.9
18971,306.5,1.2
18990,306.5,1.2
19029,306.5,1.2
19078,313.9,1.2
19111,313.9,1.2
19138,313.9,1.2
19165,326.7,2.1
19217,326.7,2.1
19245,326.7,2.1
19279,332.4,2.2
19328,332.4,2.2
19359,332.4,2.2
19389,333.6,2.7
19431,333.6,2.7
19465,333.6,2.7
19509,328.0,3.2
19522,328.0,3.2
19562,328.0,3.2
19609,328.9,3.4
19647,328.9,3.4
19668,328.9,3.4
19715,329.5,3.8
19740,329.5,3.8
19782,329.5,3.8
19831,331.8,2.5
19846,331.8,2.5
19898,331.8,2.5
19939,338.6,2.1
19961,338.6,2.1
20010,338.6,2.1
20045,346.9,2.3
20073,346.9,2.3
20099,346.9,2.3
20132,336.2,2.1
20165,336.2,2.1
20216,336.2,2.1
20263,339.0,3.2
20276,339.0,3.2
20329,339.0,3.2
20362,345.5,3.0
20401,345.5,3.0
20440,345.5,3.0
20482,335.1,2.9
20513,335.1,2.9
20546,335.1,2.9
20586,311.5,2.9
20613,311.5,2.9
20661,311.5,2.9
20689,286.7,1.6
20722,286.7,1.6
20759,286.7,1.6
20807,256.1,0.9
20829,256.1,0.9
20857,256.1,0.9
20905,293.8,1.5
20943,293.8,1.5
20977,293.8,1.5
21003,294.4,1.0
21050,294.4,1.0
21090,294.4,1.0
21118,313.5,1.9
21167,313.5,1.9
21191,313.5,1.9
21217,292.3,2.6
21275,292.3,2.6
21288,292.3,2.6
21315,296.2,3.2
21376,296.2,3.2
21406,296.2,3.2
21430,315.3,3.0
21478,315.3,3.0
21527,315.3,3.0
21562,329.0,1.5
21582,329.0,1.5
21630,329.0,1.5
21664,5.1,0.7
21687,5.1,0.7
21724,5.1,0.7
21769,9.8,0.3
21795,9.8,0.3
21839,9.8,0.3
21886,26.9,0.3
21897,26.9,0.3
21944,26.9,0.3
21978,91.9,0.7
22010,91.9,0.7
22060,91.9,0.7
22087,36.8,0.5
22123,36.8,0.5
22160,36.8,0.5
22190,9.8,0.5
22224,9.8,0.5
22282,9.8,0.5
22309,290.5,1.2
22352,290.5,1.2
22385,290.5,1.2
22402,306.6,1.2
22451,306.6,1.2
22491,306.6,1.2
22534,258.7,0.8
22558,258.7,0.8
22599,258.7,0.8
22633,285.6,1.2
22670,285.6,1.2
22708,285.6,1.2
22727,315.1,1.2
22762,315.1,1.2
22808,315.1,1.2
22845,303.3,2.2
22895,303.3,2.2
22906,303.3,2.2
22956,285.6,2.6
22997,285.6,2.6
23024,285.6,2.6
23068,281.3,3.2
23101,281.3,3.2
23145,281.3,3.2
23155,284.3,3.5
23192,284.3,3.5
23237,284.3,3.5
23283,312.2,3.1
23323,312.2,3.1
23363,312.2,3.1
23380,331.3,1.3
23420,331.3,1.3
23451,331.3,1.3
23505,299.6,0.5
23533,299.6,0.5
23558,299.6,0.5
23612,307.5,2.0
23643,307.5,2.0
23675,307.5,2.0
23700,329.1,3.1
23736,329.1,3.1
23791,329.1,3.1
23816,328.7,2.3
23865,328.7,2.3
23891,328.7,2.3
23930,318.5,1.8
23972,318.5,1.8
23994,318.5,1.8
24047,323.9,2.1
24073,323.9,2.1
24101,323.9,2.1
24141,349.4,1.4
24190,349.4,1.4
24208,349.4,1.4
24253,44.6,0.9
24274,44.6,0.9
24331,44.6,0.9
24364,359.1,0.4
24406,359.1,0.4
24427,359.1,0.4
24477,46.3,0.2
24504,46.3,0.2
24550,46.3,0.2
24583,177.9,1.3
24611,177.9,1.3
24655,177.9,1.3
24690,228.6,1.7
24702,228.6,1.7
24767,228.6,1.7
24801,252.9,1.5
24832,252.9,1.5
24862,252.9,1.5
24911,272.7,1.9
24928,272.7,1.9
24978,272.7,1.9
25017,346.2,1.2
25055,346.2,1.2
25086,346.2,1.2
25103,69.6,0.8
25144,69.6,0.8
25187,69.6,0.8
25234,21.8,0.7
25268,21.8,0.7
25297,21.8,0.7
25328,38.3,0.7
25361,38.3,0.7
25413,38.3,0.7
25433,350.4,0.4
25487,350.4,0.4
25507,350.4,0.4
25542,299.7,1.1
25568,299.7,1.1
25606,299.7,1.1
25651,324.3,1.5
25699,324.3,1.5
25719,324.3,1.5
25748,311.8,1.2
25810,311.8,1.2
25826,311.8,1.2
25879,225.0,2.6
25903,225.0,2.6
25953,225.0,2.6
25980,229.7,2.8
26027,229.7,2.8
26050,229.7,2.8
26098,231.1,1.0
26129,231.1,1.0
26163,231.1,1.0
26186,187.2,0.8
26225,187.2,0.8
26274,187.2,0.8
26300,178.7,0.9
26346,178.7,0.9
26367,178.7,0.9
26423,176.4,0.9
26450,176.4,0.9
26487,176.4,0.9
26515,181.2,1.8
26551,181.2,1.8
26588,181.2,1.8
26627,196.2,2.5
26671,196.2,2.5
26703,196.2,2.5
26746,201.5,3.8
26777,201.5,3.8
26812,201.5,3.8
26844,212.9,3.4
26874,212.9,3.4
26914,212.9,3.4
26944,200.2,3.0
26990,200.2,3.0
27020,200.2,3.0
27059,206.5,3.1
27104,206.5,3.1
27123,206.5,3.1
27178,204.9,2.1
27211,204.9,2.1
27237,204.9,2.1
27274,217.3,2.1
27310,217.3,2.1
27337,217.3,2.1
27381,226.6,1.7
27427,226.6,1.7
27456,226.6,1.7
27492,268.4,3.4
27532,268.4,3.4
27573,268.4,3.4
27605,288.7,3.3
27643,288.7,3.3
27680,288.7,3.3
27713,307.1,3.4
27747,307.1,3.4
27764,307.1,3.4
27823,303.2,2.0
27856,303.2,2.0
27889,287.7,0.9
27923,287.7,0.9
27962,287.7,0.9
27999,235.9,0.3
28040,235.9,0.3
28072,235.9,0.3
28101,262.2,0.7
28130,262.2,0.7
28177,262.2,0.7
28196,271.6,1.1
28253,271.6,1.1
28293,271.6,1.1
28319,288.4,3.1
28354,288.4,3.1
28399,288.4,3.1
28410,286.7,3.1
28465,286.7,3.1
28507,286.7,3.1
28547,286.3,3.2
28558,286.3,3.2
28605,286.3,3.2
28643,294.1,2.0
28687,294.1,2.0
28718,294.1,2.0
28759,279.8,0.8
28799,279.8,0.8
28816,279.8,0.8
28863,241.0,0.4
28902,241.0,0.4
28933,241.0,0.4
28969,252.3,0.7
29011,252.3,0.7
29044,252.3,0.7
29076,235.0,0.9
29108,235.0,0.9
29153,235.0,0.9
29188,279.8,3.9
29228,279.8,3.9
29247,279.8,3.9
29296,288.1,4.0
29328,288.1,4.0
29366,288.1,4.0
29393,304.2,3.1
29445,304.2,3.1
29464,304.2,3.1
29503,307.4,1.7
29549,307.4,1.7
29578,307.4,1.7
29626,279.8,0.4
29652,279.8,0.4
29683,279.8,0.4
29720,342.7,0.5
29752,342.7,0.5
29791,342.7,0.5
29827,233.6,0.3
29858,233.6,0.3
29903,233.6,0.3
29946,99.8,0.2
29974,99.8,0.2
30009,99.8,0.2
30054,294.0,1.3
30086,294.0,1.3
30110,294.0,1.3
30163,278.6,1.6
30201,278.6,1.6
30229,278.6,1.6
30270,257.7,1.6
30298,257.7,1.6
30332,257.7,1.6
30368,175.9,0.4
30411,175.9,0.4
30445,175.9,0.4
30486,135.2,0.6
30517,135.2,0.6
30556,135.2,0.6
30586,128.3,0.7
30635,128.3,0.7
30651,128.3,0.7
30683,151.5,1.2
30738,151.5,1.2
30765,151.5,1.2
30815,169.9,1.9
30846,169.9,1.9
30881,169.9,1.9
30919,198.4,2.4
30948,198.4,2.4
30984,198.4,2.4
31018,200.0,3.1
31050,200.0,3.1
31082,200.0,3.1
31124,216.1,2.1
31165,216.1,2.1
31188,216.1,2.1
31247,205.5,1.4
31275,205.5,1.4
31316,205.5,1.4
31350,189.8,0.8
31385,189.8,0.8
31424,189.8,0.8
31459,193.5,0.6
31494,193.5,0.6
31525,193.5,0.6
31563,184.4,1.2
31601,184.4,1.2
31643,184.4,1.2
31665,194.6,1.4
31712,194.6,1.4
31749,194.6,1.4
31775,263.4,2.4
31823,263.4,2.4
31852,263.4,2.4
31879,274.8,2.9
31916,274.8,2.9
31954,274.8,2.9
31997,295.0,2.6
32031,295.0,2.6
32058,295.0,2.6
32095,320.3,0.6
32139,320.3,0.6
32176,320.3,0.6
32203,226.6,0.5
32250,226.6,0.5
32280,226.6,0.5
32313,158.6,0.6
32357,158.6,0.6
32396,158.6,0.6
32433,197.1,1.0
32468,197.1,1.0
32503,197.1,1.0
32522,209.9,2.6
32571,209.9,2.6
32607,209.9,2.6
32634,248.1,2.6
32684,248.1,2.6
32704,248.1,2.6
32754,279.8,1.9
32784,279.8,1.9
32818,279.8,1.9
32861,291.7,1.4
32902,291.7,1.4
32932,291.7,1.4
32964,323.9,0.6
32996,323.9,0.6
33043,323.9,0.6
33079,350.1,0.8
33102,350.1,0.8
33154,350.1,0.8
33186,254.6,0.1
33223,254.6,0.1
33250,254.6,0.1
33295,131.6,1.3
33324,131.6,1.3
33367,131.6,1.3
33397,136.9,2.0
33431,136.9,2.0
33464,136.9,2.0
33503,146.9,2.1
33546,146.9,2.1
33581,146.9,2.1
33618,136.2,2.2
33641,136.2,2.2
33690,136.2,2.2
33726,135.8,2.8
33751,135.8,2.8
33794,135.8,2.8
33824,143.6,2.5
33869,143.6,2.5
33892,143.6,2.5
33941,159.2,2.9
33980,159.2,2.9
34016,159.2,2.9
34053,174.0,2.9
34089,174.0,2.9
34112,174.0,2.9
34153,200.4,2.7
34196,200.4,2.7
34219,200.4,2.7
34260,213.2,2.5
34291,213.2,2.5
34329,213.2,2.5
34374,252.2,3.6
34408,252.2,3.6
34450,252.2,3.6
34487,279.8,3.0
34501,279.8,3.0
34555,279.8,3.0
34572,296.7,2.4
34628,296.7,2.4
34667,296.7,2.4
34696,306.8,2.3
34730,306.8,2.3
34775,306.8,2.3
34803,301.9,1.7
34836,301.9,1.7
34882,301.9,1.7
34900,275.3,2.0
34951,275.3,2.0
34988,275.3,2.0
35014,287.6,2.1
35056,287.6,2.1
35087,287.6,2.1
35133,321.2,1.7
35169,321.2,1.7
35204,321.2,1.7
35222,324.0,3.0
35271,324.0,3.0
35304,324.0,3.0
35331,319.8,2.8
35382,319.8,2.8
35404,319.8,2.8
35439,314.1,2.3
35492,314.1,2.3
35531,314.1,2.3
35551,303.7,0.8
35601,303.7,0.8
35626,303.7,0.8
35659,211.3,0.5
35710,211.3,0.5
35746,211.3,0.5
35773,189.8,0.6
35804,189.8,0.6
35844,189.8,0.6
35889,173.7,0.5
35905,173.7,0.5
35937,173.7,0.5
35984,146.8,0.9
36033,146.8,0.9
36060,146.8,0.9
36104,191.4,1.6
36125,191.4,1.6
36179,191.4,1.6
36198,198.5,2.9
36225,198.5,2.9
36287,198.5,2.9
36315,156.0,1.8
36353,156.0,1.8
36392,156.0,1.8
36418,136.2,3.2
36461,136.2,3.2
36496,136.2,3.2
36523,154.5,4.0
36554,154.5,4.0
36607,154.5,4.0
36636,181.5,1.5
36681,181.5,1.5
36713,181.5,1.5
36754,223.2,1.4
36775,223.2,1.4
36804,223.2,1.4
36844,293.7,3.4
36880,293.7,3.4
36919,293.7,3.4
36967,302.5,3.4
36988,302.5,3.4
37031,302.5,3.4
37067,315.0,4.0
37110,315.0,4.0
37148,315.0,4.0
37186,315.7,2.8
37221,315.7,2.8
37245,315.7,2.8
37287,290.2,0.7
37312,290.2,0.7
37351,290.2,0.7
37400,228.2,0.6
37420,228.2,0.6
37475,228.2,0.6
37505,196.0,0.7
37537,196.0,0.7
37582,196.0,0.7
37604,187.7,0.9
37650,187.7,0.9
37680,187.7,0.9
37726,183.6,1.1
37762,183.6,1.1
37799,183.6,1.1
37831,266.8,2.8
37869,266.8,2.8
37903,266.8,2.8
37940,289.4,2.9
37965,289.4,2.9
38008,289.4,2.9
38049,302.7,3.1
38076,302.7,3.1
38110,302.7,3.1
38138,301.3,1.3
38192,301.3,1.3
38229,301.3,1.3
38267,279.8,0.3
38288,279.8,0.3
38324,279.8,0.3
38374,279.8,0.2
38388,279.8,0.2
38433,279.8,0.2
38481,317.5,0.7
38516,317.5,0.7
38547,317.5,0.7
38581,326.3,1.1
38610,326.3,1.1
38648,326.3,1.1
38698,332.1,2.5
38730,332.1,2.5
38756,332.1,2.5
38799,320.9,2.5
38833,320.9,2.5
38873,320.9,2.5
38903,322.4,2.5
38942,322.4,2.5
38971,322.4,2.5
39017,328.7,1.1
39055,328.7,1.1
39093,328.7,1.1
39118,99.8,0.3
39164,99.8,0.3
39187,99.8,0.3
39227,113.8,1.0
39271,113.8,1.0
39290,113.8,1.0
39345,119.9,1.1
39361,119.9,1.1
39413,119.9,1.1
39443,137.0,1.7
39488,137.0,1.7
39519,137.0,1.7
39556,163.1,2.3
39585,163.1,2.3
39621,163.1,2.3
39660,167.2,3.4
39701,167.2,3.4
39739,167.2,3.4
39770,169.5,3.3
39813,169.5,3.3
39831,169.5,3.3
39878,148.3,2.2
39923,148.3,2.2
39955,148.3,2.2
39987,144.9,2.0
40026,144.9,2.0
40060,144.9,2.0
40103,157.1,2.4
40113,157.1,2.4
40161,157.1,2.4
40202,163.1,2.2
40239,163.1,2.2
40268,163.1,2.2
40297,163.3,3.8
40344,163.3,3.8
40371,163.3,3.8
40423,174.0,5.0
40463,174.0,5.0
40476,174.0,5.0
40535,169.4,5.4
40567,169.4,5.4
40595,169.4,5.4
40643,158.1,4.4
40676,158.1,4.4
40709,158.1,4.4
40750,164.7,3.1
40773,164.7,3.1
40809,164.7,3.1
40858,155.0,2.5
40890,155.0,2.5
40931,155.0,2.5
40965,185.0,0.5
40985,185.0,0.5
41029,185.0,0.5
41064,276.0,1.6
41091,276.0,1.6
41136,276.0,1.6
41179,287.0,2.8
41211,287.0,2.8
41241,287.0,2.8
41272,291.4,3.9
41320,291.4,3.9
41356,291.4,3.9
41385,296.3,4.1
41430,296.3,4.1
41458,296.3,4.1
41503,299.5,4.2
41525,299.5,4.2
41576,299.5,4.2
41601,302.0,3.0
41638,302.0,3.0
41683,302.0,3.0
41713,307.6,1.5
41735,307.6,1.5
41784,307.6,1.5
41822,253.8,0.7
41858,253.8,0.7
41900,253.8,0.7
41933,213.1,0.6
41963,213.1,0.6
42004,213.1,0.6
42028,209.2,0.7
42074,209.2,0.7
42110,209.2,0.7
42143,261.8,2.9
42176,261.8,2.9
42225,261.8,2.9
42249,251.5,3.3
42287,251.5,3.3
42330,251.5,3.3
42367,243.3,3.2
42407,243.3,3.2
42439,243.3,3.2
42468,244.1,1.6
42508,244.1,1.6
42546,244.1,1.6
42585,215.1,0.7
42611,215.1,0.7
42658,215.1,0.7
42692,173.3,0.8
42725,173.3,0.8
42764,173.3,0.8
42800,171.0,0.7
42818,171.0,0.7
42874,171.0,0.7
42905,165.7,0.7
42935,165.7,0.7
42980,165.7,0.7
43010,250.4,2.9
43053,250.4,2.9
43080,250.4,2.9
43108,237.1,2.6
43163,237.1,2.6
43196,237.1,2.6
43232,221.6,2.3
43266,221.6,2.3
43292,221.6,2.3
43340,197.5,1.1
43363,197.5,1.1
43401,197.5,1.1
43437,174.7,1.2
43483,174.7,1.2
43523,174.7,1.2
43551,197.4,1.5
43595,197.4,1.5
43624,197.4,1.5
43656,171.4,1.4
43684,171.4,1.4
43726,171.4,1.4
43768,200.6,2.8
43810,200.6,2.8
43829,200.6,2.8
43879,206.3,2.9
43918,206.3,2.9
43954,206.3,2.9
43978,211.0,3.0
44021,211.0,3.0
44059,211.0,3.0
44095,217.4,2.4
44114,217.4,2.4
44167,217.4,2.4
44200,222.6,1.6
44238,222.6,1.6
44257,222.6,1.6
44303,216.5,1.3
44345,216.5,1.3
44378,216.5,1.3
44408,178.3,1.1
44458,178.3,1.1
44481,178.3,1.1
44520,194.4,1.6
44546,194.4,1.6
44598,194.4,1.6
44621,199.0,0.9
44667,199.0,0.9
44700,199.0,0.9
44739,248.9,3.0
44783,248.9,3.0
44808,248.9,3.0
44854,273.6,3.9
44885,273.6,3.9
44916,273.6,3.9
44960,286.1,4.1
44996,286.1,4.1
45018,286.1,4.1
45062,291.6,2.0
45098,291.6,2.0
45136,291.6,2.0
45172,279.8,0.1
45212,279.8,0.1
45245,279.8,0.1
45278,308.0,0.4
45312,308.0,0.4
45343,308.0,0.4
45381,309.5,0.4
45425,309.5,0.4
45450,309.5,0.4
45502,323.0,0.9
45525,323.0,0.9
45556,323.0,0.9
45604,332.4,2.2
45641,332.4,2.2
45682,332.4,2.2
45709,323.8,2.4
45750,323.8,2.4
45774,323.8,2.4
45818,329.9,2.0
45863,329.9,2.0
45896,329.9,2.0
45929,320.2,0.6
45957,320.2,0.6
45994,320.2,0.6
46032,115.4,0.6
46074,115.4,0.6
46111,115.4,0.6
46147,116.9,1.3
46163,116.9,1.3
46209,116.9,1.3
46243,128.5,1.0
46288,128.5,1.0
46325,128.5,1.0
46363,161.0,1.4
46400,161.0,1.4
46434,161.0,1.4
46468,186.3,3.1
46500,186.3,3.1
46543,186.3,3.1
46573,191.7,3.1
46604,191.7,3.1
46643,191.7,3.1
46670,189.8,2.7
46718,189.8,2.7
46750,189.8,2.7
46779,178.2,1.4
46832,178.2,1.4
46865,178.2,1.4
46895,189.8,1.5
46928,189.8,1.5
46973,189.8,1.5
47006,225.9,1.2
47036,225.9,1.2
47079,225.9,1.2
47100,260.5,1.7
47145,260.5,1.7
47184,260.5,1.7
47228,288.0,2.7
47263,288.0,2.7
47291,288.0,2.7
47339,303.4,4.1
47370,303.4,4.1
47407,303.4,4.1
47439,309.6,4.2
47463,309.6,4.2
47509,309.6,4.2
47541,315.7,3.6
47576,315.7,3.6
47619,315.7,3.6
47657,315.7,1.2
47698,315.7,1.2
47724,315.7,1.2
47752,,
47802,,
47827,,
47874,99.8,0.2
47913,99.8,0.2
47935,99.8,0.2
47985,189.8,0.3
48009,189.8,0.3
48055,189.8,0.3
48088,202.9,0.6
48111,202.9,0.6
48161,202.9,0.6
48199,262.0,1.7
48229,262.0,1.7
48255,262.0,1.7
48305,242.5,1.9
48335,242.5,1.9
48372,242.5,1.9
48411,262.4,2.1
48454,262.4,2.1
48480,262.4,2.1
48527,233.7,0.9
48549,233.7,0.9
48588,233.7,0.9
48628,161.7,0.9
48655,161.7,0.9
48700,161.7,0.9
48729,171.2,1.0
48769,171.2,1.0
48811,171.2,1.0
48839,185.9,1.1
48878,185.9,1.1
48919,185.9,1.1
48942,215.1,1.1
48988,215.1,1.1
49020,215.1,1.1
49052,236.0,2.4
49098,236.0,2.4
49136,236.0,2.4
49169,232.4,2.1
49206,232.4,2.1
49224,232.4,2.1
49276,235.3,1.6
49318,235.3,1.6
49353,235.3,1.6
49388,125.8,4.2
49426,125.8,4.2
49446,125.8,4.2
49496,128.4,4.7
49535,128.4,4.7
49564,128.4,4.7
49604,131.4,4.3
49637,131.4,4.3
49677,131.4,4.3
49710,129.7,5.5
49750,129.7,5.5
49779,129.7,5.5
49822,146.6,2.0
49854,146.6,2.0
49891,146.6,2.0
49921,175.5,0.4
49955,175.5,0.4
50001,175.5,0.4
50034,246.4,1.8
50051,246.4,1.8
50107,246.4,1.8
50140,261.0,3.7
50178,261.0,3.7
50211,261.0,3.7
50246,254.2,3.0
50269,254.2,3.0
50321,272.1,3.2
50351,272.1,3.2
50393,272.1,3.2
50434,261.3,2.3
50463,261.3,2.3
50498,261.3,2.3
50530,253.4,2.0
50579,253.4,2.0
50600,253.4,2.0
50648,217.4,1.7
50673,217.4,1.7
50712,217.4,1.7
50756,225.9,2.5
50793,225.9,2.5
50821,225.9,2.5
50850,222.1,2.3
50897,222.1,2.3
50930,222.1,2.3
50966,258.3,2.6
50999,258.3,2.6
51045,258.3,2.6
51081,290.4,2.4
51115,290.4,2.4
51143,290.4,2.4
51185,283.4,3.1
51218,283.4,3.1
51242,283.4,3.1
51293,285.8,3.0
51326,285.8,3.0
51361,285.8,3.0
51406,294.0,3.6
51438,294.0,3.6
51476,294.0,3.6
51501,309.6,3.7
51550,309.6,3.7
51570,309.6,3.7
51623,306.8,3.5
51649,306.8,3.5
51693,306.8,3.5
51729,311.4,4.0
51751,311.4,4.0
51795,311.4,4.0
51834,314.7,3.7
51849,314.7,3.7
51907,314.7,3.7
51945,320.4,3.7
51978,320.4,3.7
52008,320.4,3.7
52041,313.0,3.6
52090,313.0,3.6
52110,313.0,3.6
52163,318.0,3.5
52177,318.0,3.5
52221,318.0,3.5
52268,308.2,3.2
52304,308.2,3.2
52334,308.2,3.2
52370,309.2,3.2
52396,309.2,3.2
52446,309.2,3.2
52482,313.2,3.7
52507,313.2,3.7
52556,313.2,3.7
52591,312.9,3.8
52625,312.9,3.8
52655,312.9,3.8
52689,318.9,2.7
52735,318.9,2.7
52771,318.9,2.7
52805,324.3,1.2
52837,324.3,1.2
52882,324.3,1.2
52910,38.0,0.3
52955,38.0,0.3
52989,38.0,0.3
53063,155.2,0.8
53097,155.2,0.8
53121,150.5,1.2
53171,150.5,1.2
53197,150.5,1.2
53243,174.5,1.9
53273,174.5,1.9
53309,174.5,1.9
53341,140.2,2.2
53384,140.2,2.2
53409,140.2,2.2
53450,160.9,2.7
53481,160.9,2.7
53523,160.9,2.7
53560,175.8,1.8
53588,175.8,1.8
53636,175.8,1.8
53661,251.8,1.9
53706,251.8,1.9
53735,251.8,1.9
53773,293.3,2.9
53817,293.3,2.9
53846,293.3,2.9
53887,308.6,2.4
53924,308.6,2.4
53947,308.6,2.4
53995,311.7,1.8
54031,311.7,1.8
54064,311.7,1.8
54103,307.9,1.7
54137,307.9,1.7
54167,307.9,1.7
54210,321.1,1.8
54241,321.1,1.8
54281,321.1,1.8
54317,326.0,1.4
54357,326.0,1.4
54395,326.0,1.4
54431,355.5,0.6
54453,355.5,0.6
54499,355.5,0.6
54509,65.9,0.6
54565,65.9,0.6
54616,134.9,0.7
54651,134.9,0.7
54676,134.9,0.7
54723,145.0,1.2
54738,145.0,1.2
54791,145.0,1.2
54823,153.4,1.3
54859,153.4,1.3
54884,153.4,1.3
54937,144.5,1.2
54964,144.5,1.2
54996,144.5,1.2
55029,184.1,2.2
55061,184.1,2.2
55111,184.1,2.2
55150,197.6,3.0
55179,197.6,3.0
55228,197.6,3.0
55246,221.5,2.0
55289,221.5,2.0
55319,221.5,2.0
55360,227.7,1.3
55405,227.7,1.3
55443,227.7,1.3
55473,242.8,1.8
55502,242.8,1.8
55551,242.8,1.8
55587,239.5,1.3
55609,239.5,1.3
55648,239.5,1.3
55692,221.0,1.9
55723,221.0,1.9
55764,221.0,1.9
55804,189.8,1.9
55819,189.8,1.9
55860,189.8,1.9
55901,211.8,2.7
55936,211.8,2.7
55971,211.8,2.7
56019,226.0,2.9
56053,226.0,2.9
56075,226.0,2.9
56123,271.4,3.0
56160,271.4,3.0
56199,271.4,3.0
56236,249.2,1.7
56262,249.2,1.7
56308,249.2,1.7
56330,253.9,3.8
56375,253.9,3.8
56407,253.9,3.8
56452,266.3,3.9
56482,266.3,3.9
56502,266.3,3.9
56543,283.2,4.0
56570,283.2,4.0
56622,283.2,4.0
56658,289.2,4.8
56704,289.2,4.8
56726,289.2,4.8
56765,290.6,4.2
56806,290.6,4.2
56843,290.6,4.2
56880,287.2,5.1
56910,287.2,5.1
56948,287.2,5.1
56987,286.1,4.5
57009,286.1,4.5
57047,286.1,4.5
57079,297.0,4.8
57131,297.0,4.8
57166,297.0,4.8
57205,308.0,4.4
57229,308.0,4.4
57271,308.0,4.4
57312,295.4,3.1
57342,295.4,3.1
57382,295.4,3.1
57416,308.8,3.4
57459,308.8,3.4
57487,308.8,3.4
57524,310.3,3.0
57567,310.3,3.0
57586,310.3,3.0
57633,309.4,4.1
57675,309.4,4.1
57712,309.4,4.1
57748,309.5,4.0
57779,309.5,4.0
57804,309.5,4.0
57842,309.9,3.2
57877,309.9,3.2
57921,309.9,3.2
57950,279.8,1.4
57985,279.8,1.4
58033,279.8,1.4
58065,239.8,0.8
58106,239.8,0.8
58131,239.8,0.8
58180,221.0,0.8
58209,221.0,0.8
58251,221.0,0.8
58281,228.1,0.8
58311,228.1,0.8
58356,228.1,0.8
58387,213.8,0.8
58427,213.8,0.8
58456,213.8,0.8
58504,227.6,1.1
58536,227.6,1.1
58575,227.6,1.1
58606,228.2,1.6
58647,228.2,1.6
58683,228.2,1.6
58716,215.6,1.0
58746,215.6,1.0
58776,215.6,1.0
58821,145.4,1.5
58852,145.4,1.5
58890,145.4,1.5
58933,137.6,1.9
58964,137.6,1.9
58989,137.6,1.9
59043,131.3,2.5
59067,131.3,2.5
59105,131.3,2.5
59136,136.8,3.5
59182,136.8,3.5
59224,136.8,3.5
59253,134.0,3.9
59289,134.0,3.9
59317,134.0,3.9
59346,142.9,2.5
59399,142.9,2.5
59428,142.9,2.5
59457,189.8,1.9
59506,189.8,1.9
59536,189.8,1.9
59574,208.7,1.5
59602,208.7,1.5
59649,208.7,1.5
59684,227.7,2.2
59714,227.7,2.2
59764,227.7,2.2
59777,272.4,3.3
59819,272.4,3.3
59863,272.4,3.3
59894,293.5,4.1
59923,293.5,4.1
59970,293.5,4.1
60014,293.5,3.7
60041,293.5,3.7
60067,293.5,3.7
60115,285.2,2.6
60158,285.2,2.6
60192,285.2,2.6
60229,269.3,2.7
60258,269.3,2.7
60299,269.3,2.7
60335,224.2,1.8
60372,224.2,1.8
60402,224.2,1.8
60445,181.2,1.9
60475,181.2,1.9
60512,181.2,1.9
60531,176.2,2.9
60591,176.2,2.9
60613,176.2,2.9
60653,176.2,2.5
60675,176.2,2.5
60736,176.2,2.5
60761,198.3,2.6
60796,198.3,2.6
60839,198.3,2.6
60873,216.3,2.6
60910,216.3,2.6
60945,216.3,2.6
60986,272.0,2.3
61023,272.0,2.3
61053,272.0,2.3
61091,290.9,3.6
61129,290.9,3.6
61158,290.9,3.6
61203,271.0,3.1
61220,271.0,3.1
61271,271.0,3.1
61301,229.0,1.5
61346,229.0,1.5
61377,229.0,1.5
61420,231.0,3.7
61455,231.0,3.7
61481,231.0,3.7
61525,204.0,2.7
61560,204.0,2.7
61582,204.0,2.7
61635,194.6,2.3
61659,194.6,2.3
61699,194.6,2.3
61736,279.8,0.2
61777,279.8,0.2
61799,279.8,0.2
61836,262.3,2.5
61876,262.3,2.5
61924,262.3,2.5
61954,279.8,5.4
61983,279.8,5.4
62022,279.8,5.4
62065,282.3,6.7
62090,282.3,6.7
62138,282.3,6.7
62160,284.6,4.6
62200,284.6,4.6
62236,284.6,4.6
62267,303.5,6.8
62319,303.5,6.8
62351,303.5,6.8
62388,304.2,6.3
62413,304.2,6.3
62461,304.2,6.3
62482,299.7,5.4
62533,299.7,5.4
62572,299.7,5.4
62591,301.6,4.8
62634,301.6,4.8
62679,301.6,4.8
62715,295.2,3.1
62743,295.2,3.1
62787,295.2,3.1
62817,286.8,3.0
62843,286.8,3.0
62870,286.8,3.0
62926,276.2,2.8
62963,276.2,2.8
62976,276.2,2.8
63040,227.1,1.4
63071,227.1,1.4
63104,227.1,1.4
63148,169.9,1.4
63162,169.9,1.4
63209,169.9,1.4
63252,186.0,1.9
63279,186.0,1.9
63317,186.0,1.9
63359,185.3,1.8
63385,185.3,1.8
63429,185.3,1.8
63460,164.0,1.9
63490,164.0,1.9
63537,164.0,1.9
63577,154.6,2.4
63604,154.6,2.4
63645,154.6,2.4
63686,156.9,2.5
63717,156.9,2.5
63756,156.9,2.5
63795,146.5,2.1
63814,146.5,2.1
63860,146.5,2.1
63904,161.8,1.0
63927,161.8,1.0
63971,161.8,1.0
64008,177.9,0.9
64034,177.9,0.9
64068,177.9,0.9
64114,173.3,1.4
64135,173.3,1.4
64188,173.3,1.4
64219,165.9,1.6
64253,165.9,1.6
64297,165.9,1.6
64326,173.6,2.2
64358,173.6,2.2
64402,173.6,2.2
64429,186.5,2.3
64478,186.5,2.3
64502,186.5,2.3
64550,182.0,3.5
64580,182.0,3.5
64610,182.0,3.5
64651,291.6,3.7
64695,291.6,3.7
64712,291.6,3.7
64762,287.7,4.1
64790,287.7,4.1
64820,287.7,4.1
64866,292.5,4.4
64910,292.5,4.4
64936,292.5,4.4
64965,299.9,5.1
65019,299.9,5.1
65033,299.9,5.1
65088,308.5,3.9
65114,308.5,3.9
65162,308.5,3.9
65174,313.4,2.8
65225,313.4,2.8
65272,313.4,2.8
65308,318.1,1.0
65331,318.1,1.0
65360,318.1,1.0
65412,299.1,1.3
65451,299.1,1.3
65477,299.1,1.3
65515,300.1,1.6
65545,300.1,1.6
65582,300.1,1.6
65615,249.2,0.9
65666,249.2,0.9
65703,249.2,0.9
65724,222.7,1.0
65766,222.7,1.0
65799,222.7,1.0
65845,184.8,1.0
65876,184.8,1.0
65901,184.8,1.0
65952,208.4,0.6
65991,208.4,0.6
66028,208.4,0.6
66062,175.3,0.4
66088,175.3,0.4
66129,175.3,0.4
66169,182.6,0.7
66195,182.6,0.7
66239,182.6,0.7
66280,176.4,1.9
66310,176.4,1.9
66343,176.4,1.9
66375,195.9,3.0
66423,195.9,3.0
66452,195.9,3.0
66491,179.8,2.9
66532,179.8,2.9
66562,179.8,2.9
66593,189.8,2.9
66636,189.8,2.9
66669,189.8,2.9
66703,200.3,3.2
66742,200.3,3.2
66765,200.3,3.2
66819,215.6,2.5
66849,215.6,2.5
66886,215.6,2.5
66917,216.8,2.6
66955,216.8,2.6
66995,216.8,2.6
67028,211.2,2.2
67067,211.2,2.2
67087,211.2,2.2
67139,242.2,2.3
67167,242.2,2.3
67212,242.2,2.3
67251,252.5,3.8
67271,252.5,3.8
67320,252.5,3.8
67352,256.8,3.6
67396,256.8,3.6
67422,256.8,3.6
67454,259.3,2.1
67491,259.3,2.1
67531,259.3,2.1
67566,251.6,2.2
67611,251.6,2.2
67643,251.6,2.2
67675,218.5,1.4
67712,218.5,1.4
67740,218.5,1.4
67778,188.7,2.0
67827,188.7,2.0
67841,188.7,2.0
67898,186.5,2.5
67928,186.5,2.5
67970,186.5,2.5
67998,187.9,2.4
68038,187.9,2.4
68066,187.9,2.4
68115,203.5,1.9
68133,203.5,1.9
68172,203.5,1.9
68216,271.2,1.3
68244,271.2,1.3
68292,271.2,1.3
68318,299.5,2.1
68360,299.5,2.1
68403,299.5,2.1
68426,296.2,2.6
68473,296.2,2.6
68503,296.2,2.6
68548,293.9,3.2
68579,293.9,3.2
68610,293.9,3.2
68651,279.8,3.0
68685,279.8,3.0
68719,279.8,3.0
68756,257.2,2.6
68788,257.2,2.6
68835,257.2,2.6
68850,263.1,3.6
68897,263.1,3.6
68923,263.1,3.6
68978,237.7,3.2
69003,237.7,3.2
69039,237.7,3.2
69088,232.2,2.6
69121,232.2,2.6
69150,232.2,2.6
69194,202.6,1.6
69231,202.6,1.6
69265,202.6,1.6
69298,172.3,1.2
69320,172.3,1.2
69374,172.3,1.2
69400,180.3,1.5
69448,180.3,1.5
69482,180.3,1.5
69510,179.9,1.2
69546,179.9,1.2
69574,179.9,1.2
69623,165.0,2.0
69656,165.0,2.0
69700,165.0,2.0
69734,203.2,4.0
69770,203.2,4.0
69808,203.2,4.0
69843,205.5,3.4
69877,205.5,3.4
69904,205.5,3.4
69936,268.1,3.6
69988,268.1,3.6
70000,268.1,3.6
70055,282.3,3.5
70092,282.3,3.5
70127,282.3,3.5
70158,278.3,3.9
70192,278.3,3.9
70229,278.3,3.9
70275,279.8,4.3
70301,279.8,4.3
70348,279.8,4.3
70379,298.0,4.8
70408,298.0,4.8
70446,298.0,4.8
70491,312.9,5.5
70512,312.9,5.5
70564,312.9,5.5
70595,321.2,5.9
70634,321.2,5.9
70662,321.2,5.9
70692,323.0,5.0
70725,323.0,5.0
70769,323.0,5.0
70813,326.7,3.7
70852,326.7,3.7
70871,326.7,3.7
70911,332.1,2.1
70955,332.1,2.1
70987,332.1,2.1
71030,319.2,1.4
71063,319.2,1.4
71092,319.2,1.4
71130,345.9,0.5
71159,345.9,0.5
71206,345.9,0.5
71248,78.9,0.7
71284,78.9,0.7
71317,78.9,0.7
71347,130.6,0.9
71384,130.6,0.9
71424,130.6,0.9
71453,147.1,1.8
71498,147.1,1.8
71534,147.1,1.8
71568,162.4,3.4
71589,162.4,3.4
71626,162.4,3.4
71659,166.8,5.4
71706,166.8,5.4
71752,166.8,5.4
71781,174.7,4.6
71822,174.7,4.6
71844,174.7,4.6
71894,177.8,4.9
71920,177.8,4.9
71962,177.8,4.9
71994,189.8,3.8
72025,189.8,3.8
72072,189.8,3.8
72108,205.2,3.3
72142,205.2,3.3
72170,205.2,3.3
72196,241.3,4.9
72255,241.3,4.9
72287,241.3,4.9
72323,273.8,4.6
72359,273.8,4.6
72386,273.8,4.6
72425,275.6,4.3
72459,275.6,4.3
72494,275.6,4.3
72544,284.0,4.8
72569,284.0,4.8
72609,284.0,4.8
72647,284.0,4.5
72681,284.0,4.5
72717,284.0,4.5
72747,272.0,3.4
72791,272.0,3.4
72823,272.0,3.4
72866,270.0,3.4
72904,270.0,3.4
72929,270.0,3.4
72970,271.3,3.1
73000,271.3,3.1
73048,271.3,3.1
73084,282.5,2.9
73114,282.5,2.9
73148,282.5,2.9
73174,303.5,2.9
73211,303.5,2.9
73248,303.5,2.9
73292,300.4,3.5
73331,300.4,3.5
73368,300.4,3.5
73389,308.4,2.9
73431,308.4,2.9
73455,308.4,2.9
73509,307.7,1.1
73547,307.7,1.1
73586,307.7,1.1
73617,234.7,0.4
73660,234.7,0.4
73694,234.7,0.4
73727,143.2,0.7
73767,143.2,0.7
73800,143.2,0.7
73840,128.5,1.3
73862,128.5,1.3
73908,128.5,1.3
73942,138.8,2.8
73979,138.8,2.8
73998,138.8,2.8
74037,145.5,3.9
74084,145.5,3.9
74114,145.5,3.9
74158,141.3,3.4
74185,141.3,3.4
74228,141.3,3.4
74257,127.0,3.3
74293,127.0,3.3
74335,127.0,3.3
74374,125.7,1.9
74408,125.7,1.9
74443,125.7,1.9
74480,110.9,0.5
74520,110.9,0.5
74545,110.9,0.5
74590,311.0,3.3
74624,311.0,3.3
74663,311.0,3.3
74681,288.0,6.0
74735,288.0,6.0
74765,288.0,6.0
74811,275.9,5.1
74837,275.9,5.1
74876,275.9,5.1
74920,261.4,4.1
74956,261.4,4.1
74990,261.4,4.1
75023,265.9,5.1
75052,265.9,5.1
75094,265.9,5.1
75133,269.9,4.9
75168,269.9,4.9
75196,269.9,4.9
75238,276.8,4.6
75273,276.8,4.6
75306,276.8,4.6
75337,282.5,4.1
75382,282.5,4.1
75417,282.5,4.1
75443,277.0,3.6
75492,277.0,3.6
75532,277.0,3.6
75567,282.5,3.1
75602,282.5,3.1
75625,282.5,3.1
75666,279.8,1.5
75699,279.8,1.5
75744,279.8,1.5
75768,207.1,1.9
75812,207.1,1.9
75842,207.1,1.9
75889,177.0,3.3
75920,177.0,3.3
75961,177.0,3.3
75994,161.0,3.5
76029,161.0,3.5
76057,161.0,3.5
